Workbook

Sheet Restaurant Macros
A1: Restaurant | B1: Item | C1: Size / Option | D1: Calories | E1: Protein (g) | F1: Carbs (g) | G1: Fat (g) | H1: Price ($) | I1: Category | J1: Notes / Source | K1: Protein / 100 cal
A2: Baja Fresh | B2: Charbroiled Chicken Burrito Ultimo | C2: standard | D2: 790 | E2: 48 | F2: 76 | G2: 31 | H2: 9.49 | I2: Mexican | J2: Official | K2: =IF(D2=0,0,ROUND(E2/D2*100,1)) -> 6.1
A3: Baja Fresh | B3: Chicken Baja Bowl | C3: no tortilla | D3: 640 | E3: 50 | F3: 68 | G3: 16 | H3: 9.99 | I3: Mexican | J3: Official high-protein | K3: =IF(D3=0,0,ROUND(E3/D3*100,1)) -> 7.8
A4: Baja Fresh | B4: Chicken Tacos (Baja Style) | C4: 2 tacos | D4: 420 | E4: 28 | F4: 38 | G4: 18 | H4: 7.49 | I4: Mexican | J4: Official | K4: =IF(D4=0,0,ROUND(E4/D4*100,1)) -> 6.7
A5: Baskin-Robbins | B5: Chocolate Ice Cream | C5: regular scoop | D5: 260 | E5: 4 | F5: 33 | G5: 13 | H5: 3.99 | I5: Dessert | J5: Official | K5: =IF(D5=0,0,ROUND(E5/D5*100,1)) -> 1.5
A6: Baskin-Robbins | B6: Mint Chocolate Chip | C6: regular scoop | D6: 270 | E6: 4 | F6: 30 | G6: 15 | H6: 3.99 | I6: Dessert | J6: Official | K6: =IF(D6=0,0,ROUND(E6/D6*100,1)) -> 1.5
A7: Baskin-Robbins | B7: Pralines 'n Cream | C7: regular scoop | D7: 290 | E7: 4 | F7: 37 | G7: 14 | H7: 3.99 | I7: Dessert | J7: Official | K7: =IF(D7=0,0,ROUND(E7/D7*100,1)) -> 1.4
A8: Burger King | B8: Bacon King | C8: double | D8: 1150 | E8: 61 | F8: 49 | G8: 79 | H8: 9.49 | I8: Burgers | J8: Official | K8: =IF(D8=0,0,ROUND(E8/D8*100,1)) -> 5.3
A9: Burger King | B9: Grilled Chicken Sandwich | C9: classic | D9: 470 | E9: 37 | F9: 44 | G9: 17 | H9: 7.49 | I9: Burgers | J9: Official high-protein | K9: =IF(D9=0,0,ROUND(E9/D9*100,1)) -> 7.9
A10: Burger King | B10: Impossible Whopper | C10: plant-based | D10: 630 | E10: 25 | F10: 58 | G10: 34 | H10: 8.29 | I10: Burgers | J10: Official vegetarian | K10: =IF(D10=0,0,ROUND(E10/D10*100,1)) -> 4
A11: Burger King | B11: Whopper | C11: classic | D11: 657 | E11: 28 | F11: 49 | G11: 40 | H11: 7.29 | I11: Burgers | J11: Official | K11: =IF(D11=0,0,ROUND(E11/D11*100,1)) -> 4.3
A12: Burger King | B12: Whopper Jr | C12: single | D12: 310 | E12: 13 | F12: 27 | G12: 18 | H12: 3.49 | I12: Burgers | J12: Official | K12: =IF(D12=0,0,ROUND(E12/D12*100,1)) -> 4.2
A13: CAVA | B13: Grain Bowl, Braised Lamb | C13: standard | D13: 760 | E13: 38 | F13: 58 | G13: 40 | H13: 14.95 | I13: Mediterranean | J13: Official | K13: =IF(D13=0,0,ROUND(E13/D13*100,1)) -> 5
... A228: Wingstop | B228: Classic Wings (plain) | C228: 6 pc | D228: 430 | E228: 42 | F228: 0 | G228: 28 | H228: 7.49 | I228: Chicken | J228: Official before sauce | K228: =IF(D228=0,0,ROUND(E228/D228*100,1)) -> 9.8

Sheet By Restaurant
A1: Restaurant | B1: # Items | C1: Avg Calories | D1: Avg Protein (g) | E1: Best Protein/100cal
A2: Baja Fresh | B2: =COUNTIF('Restaurant Macros'!$A$2:$A$228,A2) -> 3 | C2: =ROUND(AVERAGEIF('Restaurant Macros'!$A$2:$A$228,A2,'Restaurant Macros'!$D$2:$D$228),0) -> 617 | D2: =ROUND(AVERAGEIF('Restaurant Macros'!$A$2:$A$228,A2,'Restaurant Macros'!$E$2:$E$228),0) -> 42 | E2: =ROUND(SUMPRODUCT(MAX(('Restaurant Macros'!$A$2:$A$228=A2)*'Restaurant Macros'!$K$2:$K$228)),1) -> 7.8
A3: Baskin-Robbins | B3: =COUNTIF('Restaurant Macros'!$A$2:$A$228,A3) -> 3 | C3: =ROUND(AVERAGEIF('Restaurant Macros'!$A$2:$A$228,A3,'Restaurant Macros'!$D$2:$D$228),0) -> 273 | D3: =ROUND(AVERAGEIF('Restaurant Macros'!$A$2:$A$228,A3,'Restaurant Macros'!$E$2:$E$228),0) -> 4 | E3: =ROUND(SUMPRODUCT(MAX(('Restaurant Macros'!$A$2:$A$228=A3)*'Restaurant Macros'!$K$2:$K$228)),1) -> 1.5
A4: Burger King | B4: =COUNTIF('Restaurant Macros'!$A$2:$A$228,A4) -> 5 | C4: =ROUND(AVERAGEIF('Restaurant Macros'!$A$2:$A$228,A4,'Restaurant Macros'!$D$2:$D$228),0) -> 643 | D4: =ROUND(AVERAGEIF('Restaurant Macros'!$A$2:$A$228,A4,'Restaurant Macros'!$E$2:$E$228),0) -> 33 | E4: =ROUND(SUMPRODUCT(MAX(('Restaurant Macros'!$A$2:$A$228=A4)*'Restaurant Macros'!$K$2:$K$228)),1) -> 7.9
A5: CAVA | B5: =COUNTIF('Restaurant Macros'!$A$2:$A$228,A5) -> 3 | C5: =ROUND(AVERAGEIF('Restaurant Macros'!$A$2:$A$228,A5,'Restaurant Macros'!$D$2:$D$228),0) -> 653 | D5: =ROUND(AVERAGEIF('Restaurant Macros'!$A$2:$A$228,A5,'Restaurant Macros'!$E$2:$E$228),0) -> 46 | E5: =ROUND(SUMPRODUCT(MAX(('Restaurant Macros'!$A$2:$A$228=A5)*'Restaurant Macros'!$K$2:$K$228)),1) -> 8.6
A6: California Fish Grill | B6: =COUNTIF('Restaurant Macros'!$A$2:$A$228,A6) -> 3 | C6: =ROUND(AVERAGEIF('Restaurant Macros'!$A$2:$A$228,A6,'Restaurant Macros'!$D$2:$D$228),0) -> 553 | D6: =ROUND(AVERAGEIF('Restaurant Macros'!$A$2:$A$228,A6,'Restaurant Macros'!$E$2:$E$228),0) -> 42 | E6: =ROUND(SUMPRODUCT(MAX(('Restaurant Macros'!$A$2:$A$228=A6)*'Restaurant Macros'!$K$2:$K$228)),1) -> 8.3
A7: Carl's Jr | B7: =COUNTIF('Restaurant Macros'!$A$2:$A$228,A7) -> 5 | C7: =ROUND(AVERAGEIF('Restaurant Macros'!$A$2:$A$228,A7,'Restaurant Macros'!$D$2:$D$228),0) -> 602 | D7: =ROUND(AVERAGEIF('Restaurant Macros'!$A$2:$A$228,A7,'Restaurant Macros'!$E$2:$E$228),0) -> 31 | E7: =ROUND(SUMPRODUCT(MAX(('Restaurant Macros'!$A$2:$A$228=A7)*'Restaurant Macros'!$K$2:$K$228)),1) -> 8.9
A8: Chick-fil-A | B8: =COUNTIF('Restaurant Macros'!$A$2:$A$228,A8) -> 7 | C8: =ROUND(AVERAGEIF('Restaurant Macros'!$A$2:$A$228,A8,'Restaurant Macros'!$D$2:$D$228),0) -> 367 | D8: =ROUND(AVERAGEIF('Restaurant Macros'!$A$2:$A$228,A8,'Restaurant Macros'!$E$2:$E$228),0) -> 33 | E8: =ROUND(SUMPRODUCT(MAX(('Restaurant Macros'!$A$2:$A$228=A8)*'Restaurant Macros'!$K$2:$K$228)),1) -> 19
A9: Chipotle | B9: =COUNTIF('Restaurant Macros'!$A$2:$A$228,A9) -> 27 | C9: =ROUND(AVERAGEIF('Restaurant Macros'!$A$2:$A$228,A9,'Restaurant Macros'!$D$2:$D$228),0) -> 211 | D9: =ROUND(AVERAGEIF('Restaurant Macros'!$A$2:$A$228,A9,'Restaurant Macros'!$E$2:$E$228),0) -> 13 | E9: =ROUND(SUMPRODUCT(MAX(('Restaurant Macros'!$A$2:$A$228=A9)*'Restaurant Macros'!$K$2:$K$228)),1) -> 17.8
A10: Cinnabon | B10: =COUNTIF('Restaurant Macros'!$A$2:$A$228,A10) -> 2 | C10: =ROUND(AVERAGEIF('Restaurant Macros'!$A$2:$A$228,A10,'Restaurant Macros'!$D$2:$D$228),0) -> 615 | D10: =ROUND(AVERAGEIF('Restaurant Macros'!$A$2:$A$228,A10,'Restaurant Macros'!$E$2:$E$228),0) -> 9 | E10: =ROUND(SUMPRODUCT(MAX(('Restaurant Macros'!$A$2:$A$228=A10)*'Restaurant Macros'!$K$2:$K$228)),1) -> 1.5
A11: Cold Stone | B11: =COUNTIF('Restaurant Macros'!$A$2:$A$228,A11) -> 2 | C11: =ROUND(AVERAGEIF('Restaurant Macros'!$A$2:$A$228,A11,'Restaurant Macros'!$D$2:$D$228),0) -> 645 | D11: =ROUND(AVERAGEIF('Restaurant Macros'!$A$2:$A$228,A11,'Restaurant Macros'!$E$2:$E$228),0) -> 10 | E11: =ROUND(SUMPRODUCT(MAX(('Restaurant Macros'!$A$2:$A$228=A11)*'Restaurant Macros'!$K$2:$K$228)),1) -> 1.6
A12: Dairy Queen | B12: =COUNTIF('Restaurant Macros'!$A$2:$A$228,A12) -> 3 | C12: =ROUND(AVERAGEIF('Restaurant Macros'!$A$2:$A$228,A12,'Restaurant Macros'!$D$2:$D$228),0) -> 537 | D12: =ROUND(AVERAGEIF('Restaurant Macros'!$A$2:$A$228,A12,'Restaurant Macros'!$E$2:$E$228),0) -> 10 | E12: =ROUND(SUMPRODUCT(MAX(('Restaurant Macros'!$A$2:$A$228=A12)*'Restaurant Macros'!$K$2:$K$228)),1) -> 2.4
A13: Del Taco | B13: =COUNTIF('Restaurant Macros'!$A$2:$A$228,A13) -> 17 | C13: =ROUND(AVERAGEIF('Restaurant Macros'!$A$2:$A$228,A13,'Restaurant Macros'!$D$2:$D$228),0) -> 505 | D13: =ROUND(AVERAGEIF('Restaurant Macros'!$A$2:$A$228,A13,'Restaurant Macros'!$E$2:$E$228),0) -> 23 | E13: =ROUND(SUMPRODUCT(MAX(('Restaurant Macros'!$A$2:$A$228=A13)*'Restaurant Macros'!$K$2:$K$228)),1) -> 8.3
... A34: Wingstop | B34: =COUNTIF('Restaurant Macros'!$A$2:$A$228,A34) -> 3 | C34: =ROUND(AVERAGEIF('Restaurant Macros'!$A$2:$A$228,A34,'Restaurant Macros'!$D$2:$D$228),0) -> 433 | D34: =ROUND(AVERAGEIF('Restaurant Macros'!$A$2:$A$228,A34,'Restaurant Macros'!$E$2:$E$228),0) -> 33 | E34: =ROUND(SUMPRODUCT(MAX(('Restaurant Macros'!$A$2:$A$228=A34)*'Restaurant Macros'!$K$2:$K$228)),1) -> 9.8
